{
    "no_rigid_motion": false,
    "regions": [
            {   "type": "dirichlet",
                "value": [ 0, 0, 0],
                "box": { "minCorner": [-1.00000001, -1.00000001, 0], "maxCorner": [-0.79999999, 1.00000001, 0] }
            },
            {   "type": "force",
                "value": [0, -1, 0],
                "box": { "minCorner": [ 0.79999999, -1.00000001, 0], "maxCorner": [ 1.00000001, 1.00000001, 0] }
            }
    ]
}
